SET SQL_MODE="NO_AUTO_VALUE_ON_ZERO";

/*!40101 SET @OLD_CHARACTER_SET_CLIENT=@@CHARACTER_SET_CLIENT */;
/*!40101 SET @OLD_CHARACTER_SET_RESULTS=@@CHARACTER_SET_RESULTS */;
/*!40101 SET @OLD_COLLATION_CONNECTION=@@COLLATION_CONNECTION */;
/*!40101 SET NAMES utf8 */;


CREATE TABLE grandprix (
  NoGP int(11) NOT NULL DEFAULT '0',
  NomGP varchar(20) NOT NULL DEFAULT '',
  DateGP date NOT NULL DEFAULT '0000-00-00',
  LieuCirc varchar(20) NOT NULL DEFAULT '',
  NoPil int(11) NOT NULL DEFAULT '0',
  RecTour varchar(15) NOT NULL DEFAULT '',
  PRIMARY KEY (NoGP)
) ENGINE=InnoDB DEFAULT CHARSET=utf8;

INSERT INTO grandprix (NoGP, NomGP, DateGP, LieuCirc, NoPil, RecTour) VALUES
(1, 'Australie', '2013-03-15', 'Albert Park', 18, '1m 28s 738'),
(2, 'Malaisie', '2013-03-22', 'Sepang', 23, '1m 49s 674'),
(3, 'Chine', '2013-04-12', 'Shanghai', 1, '1m 34s 788'),
(4, 'Bahreïn', '2013-04-19', 'Bahreïn', 23, '1m 32s 584'),
(5, 'Espagne', '2013-05-10', 'Catalogne', 1, '1m 21s 218'),
(6, 'Monaco', '2013-05-23', 'Monaco', 20, '1m 13s 876'),
(7, 'Canada', '2013-06-07', 'Gilles Villeneuve', 23, '1m 25s 425'),
(8, 'Grande-bretagne', '2013-06-28', 'Silverstone', 20, '1m 30s 059'),
(9, 'Allemagne', '2013-07-05', 'Nürburgring', 23, '1m 29s 501'),
(10, 'Hongrie', '2013-07-26', 'Hungaroring', 9, '1m 19s 388'),
(11, 'Belgique', '2013-08-23', 'Spa', 23, '2m 01s 200'),
(12, 'Italie', '2013-09-06', 'Monza', 23, '1m 23s 755'),
(13, 'Singapour', '2013-09-20', 'Singapour', 23, '1m 42s 841'),
(14, 'Corée', '2013-10-04', 'Corée', 23, '1m 37s 202'),
(15, 'Japon', '2013-10-11', 'Suzuka', 23, '1m 31s 089'),
(16, 'Inde', '2013-10-25', 'Delhi', 23, '1m 24s 119'),
(17, 'Abou Dhabi', '2013-11-01', 'Yas Marina', 23, '1m 40s 075'),
(18, 'Etats-Unis', '2013-11-15', 'Austin', 23, '1m 36s 338'),
(19, 'Brésil', '2013-11-22', 'Interlagos', 23, '1m 26s 479');

CREATE TABLE pilote (
  NoPil int(11) NOT NULL DEFAULT '0',
  NomPil varchar(15) NOT NULL DEFAULT '',
  NatPil varchar(20) NOT NULL DEFAULT '',
  NoTV int(11) NOT NULL DEFAULT '0',
  PRIMARY KEY (NoPil)
) ENGINE=InnoDB DEFAULT CHARSET=utf8;

INSERT INTO pilote (NoPil, NomPil, NatPil, NoTV) VALUES
(1, 'Alonso', 'Espagne', 2),
(2, 'Bianchi', 'France', 5),
(3, 'Bottas', 'Finlande', 11),
(4, 'Button', 'Grande-Bretagne', 6),
(5, 'Chilton', 'Grande-Bretagne', 5),
(7, 'Grosjean', 'Suisse', 4),
(8, 'Gutiérrez', 'Mexique', 9),
(9, 'Hamilton', 'Grande-Bretagne', 7),
(10, 'Hülkenberg', 'Allemagne', 9),
(15, 'Maldonado', 'Venezuela', 11),
(16, 'Massa', 'Brésil', 2),
(17, 'Perez', 'Mexique', 6),
(18, 'Räikkönen', 'Finlande', 4),
(19, 'Ricciardo', 'Australie', 10),
(20, 'Rosberg', 'Allemagne', 7),
(21, 'Sutil', 'Allemagne', 3),
(22, 'Vergne', 'France', 10),
(23, 'Vettel', 'Allemagne', 8),
(24, 'Webber', 'Australie', 8),
(25, 'Resta', 'Grande-Bretagne', 3),
(26, 'Pic', 'France', 1),
(27, 'Van der Garde', 'Pays-Bas', 1),
(28, 'Kovalainen', 'Finlande', 4);

CREATE TABLE resultat (
  NoPil int(11) NOT NULL DEFAULT '0',
  NoGP int(11) NOT NULL DEFAULT '0',
  Place int(11) NOT NULL DEFAULT '0',
  PtObt int(11) NOT NULL DEFAULT '0',
  PRIMARY KEY (NoPil,NoGP)
) ENGINE=InnoDB DEFAULT CHARSET=utf8;

INSERT INTO resultat (NoPil, NoGP, Place, PtObt) VALUES
(1, 1, 2, 18),
(1, 2, 99, 0),
(1, 3, 1, 25),
(1, 4, 8, 4),
(1, 5, 1, 25),
(1, 6, 7, 6),
(1, 7, 2, 18),
(1, 8, 3, 15),
(1, 9, 4, 12),
(1, 10, 5, 10),
(1, 11, 2, 18),
(1, 12, 2, 18),
(1, 13, 2, 18),
(1, 14, 6, 8),
(1, 15, 4, 12),
(1, 16, 11, 0),
(1, 17, 5, 10),
(1, 18, 5, 10),
(1, 19, 3, 15),
(2, 1, 15, 0),
(2, 2, 13, 0),
(2, 3, 15, 0),
(2, 4, 19, 0),
(2, 5, 18, 0),
(2, 6, 99, 0),
(2, 7, 17, 0),
(2, 8, 16, 0),
(2, 9, 99, 0),
(2, 10, 16, 0),
(2, 11, 18, 0),
(2, 12, 19, 0),
(2, 13, 18, 0),
(2, 14, 16, 0),
(2, 15, 99, 0),
(2, 16, 18, 0),
(2, 17, 20, 0),
(2, 18, 18, 0),
(2, 19, 17, 0),
(3, 1, 14, 0),
(3, 2, 11, 0),
(3, 3, 13, 0),
(3, 4, 14, 0),
(3, 5, 16, 0),
(3, 6, 12, 0),
(3, 7, 14, 0),
(3, 8, 12, 0),
(3, 9, 16, 0),
(3, 10, 99, 0),
(3, 11, 15, 0),
(3, 12, 15, 0),
(3, 13, 13, 0),
(3, 14, 12, 0),
(3, 15, 17, 0),
(3, 16, 16, 0),
(3, 17, 15, 0),
(3, 18, 8, 4),
(3, 19, 99, 0),
(4, 1, 9, 2),
(4, 2, 99, 0),
(4, 3, 5, 10),
(4, 4, 10, 1),
(4, 5, 8, 4),
(4, 6, 6, 8),
(4, 7, 12, 0),
(4, 8, 13, 0),
(4, 9, 6, 8),
(4, 10, 7, 6),
(4, 11, 6, 8),
(4, 12, 10, 1),
(4, 13, 7, 6),
(4, 14, 8, 4),
(4, 15, 9, 2),
(4, 16, 14, 0),
(4, 17, 12, 0),
(4, 18, 10, 1),
(4, 19, 4, 12),
(5, 1, 17, 0),
(5, 2, 16, 0),
(5, 3, 17, 0),
(5, 4, 20, 0),
(5, 5, 19, 0),
(5, 6, 14, 0),
(5, 7, 19, 0),
(5, 8, 17, 0),
(5, 9, 19, 0),
(5, 10, 17, 0),
(5, 11, 19, 0),
(5, 12, 20, 0),
(5, 13, 17, 0),
(5, 14, 17, 0),
(5, 15, 19, 0),
(5, 16, 17, 0),
(5, 17, 21, 0),
(5, 18, 21, 0),
(5, 19, 19, 0),
(7, 1, 10, 1),
(7, 2, 6, 8),
(7, 3, 9, 2),
(7, 4, 3, 15),
(7, 5, 99, 0),
(7, 6, 99, 0),
(7, 7, 13, 0),
(7, 8, 19, 0),
(7, 9, 3, 15),
(7, 10, 6, 8),
(7, 11, 8, 4),
(7, 12, 8, 4),
(7, 13, 99, 0),
(7, 14, 3, 15),
(7, 15, 3, 15),
(7, 16, 3, 15),
(7, 17, 4, 12),
(7, 18, 2, 18),
(7, 19, 99, 0),
(8, 1, 13, 0),
(8, 2, 12, 0),
(8, 3, 99, 0),
(8, 4, 18, 0),
(8, 5, 11, 0),
(8, 6, 13, 0),
(8, 7, 99, 0),
(8, 8, 14, 0),
(8, 9, 14, 0),
(8, 10, 99, 0),
(8, 11, 14, 0),
(8, 12, 13, 0),
(8, 13, 12, 0),
(8, 14, 11, 0),
(8, 15, 7, 6),
(8, 16, 15, 0),
(8, 17, 13, 0),
(8, 18, 13, 0),
(8, 19, 12, 0),
(9, 1, 5, 10),
(9, 2, 3, 15),
(9, 3, 3, 15),
(9, 4, 5, 10),
(9, 5, 12, 0),
(9, 6, 4, 12),
(9, 7, 3, 15),
(9, 8, 4, 12),
(9, 9, 5, 10),
(9, 10, 1, 25),
(9, 11, 3, 15),
(9, 12, 9, 2),
(9, 13, 5, 10),
(9, 14, 5, 10),
(9, 15, 99, 0),
(9, 16, 6, 8),
(9, 17, 7, 6),
(9, 18, 4, 12),
(9, 19, 9, 2),
(10, 1, 99, 0),
(10, 2, 8, 4),
(10, 3, 10, 1),
(10, 4, 12, 0),
(10, 5, 15, 0),
(10, 6, 11, 0),
(10, 7, 99, 0),
(10, 8, 10, 1),
(10, 9, 10, 1),
(10, 10, 11, 0),
(10, 11, 13, 0),
(10, 12, 5, 10),
(10, 13, 9, 2),
(10, 14, 4, 12),
(10, 15, 6, 8),
(10, 16, 19, 0),
(10, 17, 14, 0),
(10, 18, 6, 8),
(10, 19, 8, 4),
(15, 1, 99, 0),
(15, 2, 99, 0),
(15, 3, 14, 0),
(15, 4, 11, 0),
(15, 5, 14, 0),
(15, 6, 99, 0),
(15, 7, 16, 0),
(15, 8, 11, 0),
(15, 9, 15, 0),
(15, 10, 10, 1),
(15, 11, 17, 0),
(15, 12, 14, 0),
(15, 13, 11, 0),
(15, 14, 13, 0),
(15, 15, 16, 0),
(15, 16, 12, 0),
(15, 17, 11, 0),
(15, 18, 17, 0),
(15, 19, 16, 0),
(16, 1, 4, 12),
(16, 2, 5, 10),
(16, 3, 6, 8),
(16, 4, 15, 0),
(16, 5, 3, 15),
(16, 6, 99, 0),
(16, 7, 8, 4),
(16, 8, 6, 8),
(16, 9, 99, 0),
(16, 10, 8, 4),
(16, 11, 7, 6),
(16, 12, 4, 12),
(16, 13, 6, 8),
(16, 14, 9, 2),
(16, 15, 10, 1),
(16, 16, 4, 12),
(16, 17, 8, 4),
(16, 18, 12, 0),
(16, 19, 7, 6),
(17, 1, 11, 0),
(17, 2, 9, 2),
(17, 3, 11, 0),
(17, 4, 6, 8),
(17, 5, 9, 2),
(17, 6, 16, 0),
(17, 7, 11, 0),
(17, 8, 99, 0),
(17, 9, 8, 4),
(17, 10, 9, 2),
(17, 11, 11, 0),
(17, 12, 12, 0),
(17, 13, 8, 4),
(17, 14, 10, 1),
(17, 15, 15, 0),
(17, 16, 5, 10),
(17, 17, 9, 2),
(17, 18, 7, 8),
(17, 19, 6, 8),
(18, 1, 1, 25),
(18, 2, 7, 6),
(18, 3, 2, 18),
(18, 4, 2, 18),
(18, 5, 2, 18),
(18, 6, 10, 1),
(18, 7, 9, 2),
(18, 8, 5, 10),
(18, 9, 2, 18),
(18, 10, 2, 18),
(18, 11, 99, 0),
(18, 12, 11, 0),
(18, 13, 3, 15),
(18, 14, 2, 18),
(18, 15, 5, 10),
(18, 16, 7, 6),
(18, 17, 99, 0),
(18, 18, 100, 0),
(18, 19, 100, 0),
(19, 1, 99, 0),
(19, 2, 99, 0),
(19, 3, 7, 6),
(19, 4, 16, 0),
(19, 5, 10, 1),
(19, 6, 99, 0),
(19, 7, 15, 0),
(19, 8, 8, 4),
(19, 9, 12, 0),
(19, 10, 13, 0),
(19, 11, 10, 1),
(19, 12, 7, 6),
(19, 13, 99, 0),
(19, 14, 19, 0),
(19, 15, 13, 0),
(19, 16, 10, 1),
(19, 17, 16, 0),
(19, 18, 11, 0),
(19, 19, 10, 1),
(20, 1, 99, 0),
(20, 2, 4, 12),
(20, 3, 99, 0),
(20, 4, 9, 2),
(20, 5, 6, 8),
(20, 6, 1, 25),
(20, 7, 5, 10),
(20, 8, 1, 25),
(20, 9, 9, 2),
(20, 10, 19, 0),
(20, 11, 4, 12),
(20, 12, 6, 8),
(20, 13, 4, 12),
(20, 14, 7, 6),
(20, 15, 8, 4),
(20, 16, 2, 18),
(20, 17, 3, 15),
(20, 18, 9, 2),
(20, 19, 5, 10),
(21, 1, 7, 6),
(21, 2, 99, 0),
(21, 3, 99, 0),
(21, 4, 13, 0),
(21, 5, 13, 0),
(21, 6, 5, 10),
(21, 7, 10, 1),
(21, 8, 7, 6),
(21, 9, 13, 0),
(21, 10, 99, 0),
(21, 11, 9, 2),
(21, 12, 16, 0),
(21, 13, 10, 1),
(21, 14, 20, 0),
(21, 15, 14, 0),
(21, 16, 9, 2),
(21, 17, 10, 1),
(21, 18, 99, 0),
(21, 19, 13, 0),
(22, 1, 12, 0),
(22, 2, 10, 1),
(22, 3, 12, 0),
(22, 4, 99, 0),
(22, 5, 99, 0),
(22, 6, 8, 4),
(22, 7, 6, 8),
(22, 8, 99, 0),
(22, 9, 99, 0),
(22, 10, 12, 0),
(22, 11, 12, 0),
(22, 12, 99, 0),
(22, 13, 14, 0),
(22, 14, 18, 0),
(22, 15, 12, 0),
(22, 16, 13, 0),
(22, 17, 17, 0),
(22, 18, 16, 0),
(22, 19, 15, 0),
(23, 1, 3, 15),
(23, 2, 1, 25),
(23, 3, 4, 12),
(23, 4, 1, 25),
(23, 5, 4, 12),
(23, 6, 2, 18),
(23, 7, 1, 25),
(23, 8, 99, 0),
(23, 9, 1, 25),
(23, 10, 3, 15),
(23, 11, 1, 25),
(23, 12, 1, 25),
(23, 13, 1, 25),
(23, 14, 1, 25),
(23, 15, 1, 25),
(23, 16, 1, 25),
(23, 17, 1, 25),
(23, 18, 1, 25),
(23, 19, 1, 25),
(24, 1, 6, 8),
(24, 2, 2, 18),
(24, 3, 99, 0),
(24, 4, 7, 6),
(24, 5, 5, 10),
(24, 6, 3, 15),
(24, 7, 4, 12),
(24, 8, 2, 18),
(24, 9, 7, 6),
(24, 10, 4, 12),
(24, 11, 5, 10),
(24, 12, 3, 15),
(24, 13, 15, 0),
(24, 14, 99, 0),
(24, 15, 2, 18),
(24, 16, 99, 0),
(24, 17, 2, 18),
(24, 18, 3, 15),
(24, 19, 2, 18),
(25, 1, 8, 4),
(25, 2, 99, 0),
(25, 3, 8, 4),
(25, 4, 4, 12),
(25, 5, 7, 6),
(25, 6, 9, 2),
(25, 7, 7, 6),
(25, 8, 9, 2),
(25, 9, 11, 0),
(25, 10, 18, 0),
(25, 11, 99, 0),
(25, 12, 99, 0),
(25, 13, 99, 0),
(25, 14, 99, 0),
(25, 15, 11, 0),
(25, 16, 8, 4),
(25, 17, 6, 8),
(25, 18, 15, 0),
(25, 19, 11, 0),
(26, 1, 16, 0),
(26, 2, 14, 0),
(26, 3, 16, 0),
(26, 4, 17, 0),
(26, 5, 17, 0),
(26, 6, 99, 0),
(26, 7, 18, 0),
(26, 8, 15, 0),
(26, 9, 17, 0),
(26, 10, 15, 0),
(26, 11, 99, 0),
(26, 12, 17, 0),
(26, 13, 19, 0),
(26, 14, 14, 0),
(26, 15, 18, 0),
(26, 16, 99, 0),
(26, 17, 19, 0),
(26, 18, 20, 0),
(26, 19, 99, 0),
(27, 1, 18, 0),
(27, 2, 15, 0),
(27, 3, 18, 0),
(27, 4, 21, 0),
(27, 5, 99, 0),
(27, 6, 15, 0),
(27, 7, 99, 0),
(27, 8, 18, 0),
(27, 9, 18, 0),
(27, 10, 14, 0),
(27, 11, 16, 0),
(27, 12, 18, 0),
(27, 13, 16, 0),
(27, 14, 15, 0),
(27, 15, 99, 0),
(27, 16, 99, 0),
(27, 17, 18, 0),
(27, 18, 19, 0),
(27, 19, 18, 0),
(28, 1, 100, 0),
(28, 2, 100, 0),
(28, 3, 100, 0),
(28, 4, 100, 0),
(28, 5, 100, 0),
(28, 6, 100, 0),
(28, 7, 100, 0),
(28, 8, 100, 0),
(28, 9, 100, 0),
(28, 10, 100, 0),
(28, 11, 100, 0),
(28, 12, 100, 0),
(28, 13, 100, 0),
(28, 14, 100, 0),
(28, 15, 100, 0),
(28, 16, 100, 0),
(28, 17, 100, 0),
(28, 18, 14, 0),
(28, 19, 14, 0);

CREATE TABLE typevoiture (
  NoTV int(11) NOT NULL DEFAULT '0',
  NomTV varchar(15) NOT NULL DEFAULT '',
  Moteur varchar(10) NOT NULL DEFAULT '',
  PRIMARY KEY (NoTV)
) ENGINE=InnoDB DEFAULT CHARSET=utf8;

INSERT INTO typevoiture (NoTV, NomTV, Moteur) VALUES
(1, 'Caterham', 'Renault'),
(2, 'Ferrari', 'Ferrari'),
(3, 'Force India', 'Mercedes'),
(4, 'Lotus F1', 'Renault'),
(5, 'Marussia', 'Ferrari'),
(6, 'McLaren', 'Mercedes'),
(7, 'Mercedes', 'Mercedes'),
(8, 'Red Bull', 'Renault'),
(9, 'Sauber', 'Ferrari'),
(10, 'Toro Rosso', 'Renault'),
(11, 'Williams', 'Mercedes');
